ที่,รหัสสายทาง,อำเภอ,ชื่อสายทาง,ระยะทางรวม (กม.),ปีงบประมาณ 2561,,,ปีงบประมาณ 2562,,,ปีงบประมาณ 2563,,,,,,,,
,,,,,ข้อบัญญ้ติประจำปี (กม.),เงินอุดหนุน (กม.),"เงินสะสม , บำรุงซ่อมแซม (กม.)",ข้อบัญญ้ติประจำปี (กม.),เงินอุดหนุน (กม.),"เงินสะสม , บำรุงซ่อมแซม (กม.)",ข้อบัญญ้ติประจำปี (กม.),เงินอุดหนุน (กม.),"เงินสะสม , บำรุงซ่อมแซม (กม.)",สามารถใช้การได้ (กม.),ต้องได้รับการซ่อมแซม (กม.),ค่าพิกัดจุดเริ่มต้นสายทาง,ด่วพิกัดจุดสิ้นสุดสายทาง,ลิงค์ google map,
1,อบจ.นม.01201,เมือง,บ.บุ - บ.ลองตอง,7.291,  3.230 ,  -   ,  -   ,  -   ,  -   ,  -   ,  -   ,  5.876 ,  1.029 ,  -   ,  -   ,"15.040465,102.148680","15.040990,102.206416",คลิกที่นี้,
2,อบจ.นม.01102,เมือง,ทล.หมายเลข 304 - บ.โนนไม้แดง,3.411,  3.140 ,  -   ,  -   ,  -   ,  -   ,  -   ,  -   ,  -   ,  -   ,  0.271 ,  -   ,"14.947337,102.053670","14.938000,102.028472",คลิกที่นี้,
3,อบจ.นม.01203,เมือง,บ.หนองตะคอง - บ.หนองม่วง,10.814,  -   ,  -   ,  -   ,  -   ,  -   ,  -   ,  0.530 ,  -   ,  -   ,  10.284 ,  -   ,"14.948361,102.126343","14.935408,102.198476",คลิกที่นี้,
4,อบจ.นม.01204,เมือง,บ.โคกไผ่น้อย - บ.นาตม,5.936,  -   ,  -   ,  -   ,  -   ,  -   ,  -   ,  3.380 ,  -   ,  -   ,  -   ,  2.556 ,"15.022462,102.103231","14.998462,102.066125",คลิกที่นี้,
5,อบจ.นม.01205,เมือง,บ.หนองพลวงใหญ่ - บ.หนองบัวศาลา,7.833,  -   ,  -   ,  0.700 ,  -   ,  -   ,  -   ,  0.380 ,  -   ,  0.451 ,  -   ,  6.302 ,"14.825338,102.158881","14.906350,102.095802",คลิกที่นี้,
6,อบจ.นม.01206,เมือง,บ.ใหม่ - บ.หนองเป็ดน้ำ,3.675,  -   ,  -   ,  -   ,  -   ,  -   ,  -   ,  -   ,  -   ,  -   ,  3.675 ,  -   ,"14.960904,102.025101","14.946479,101.995438",คลิกที่นี้,
7,อบจ.นม.01207,เมือง,บ.โพธิ์เตี้ย - พลกรัง,3.992,  -   ,  -   ,  0.175 ,  -   ,  -   ,  -   ,  1.220 ,  -   ,  -   ,  -   ,  2.597 ,"15.015681,102.009021","14.996795,102.038467",คลิกที่นี้,
8,อบจ.นม.01208,เมือง,บ.ตะคองเก่า - บ.หนองกระทุ่ม,4.139,  -   ,  -   ,  -   ,  -   ,  -   ,  -   ,  -   ,  -   ,  -   ,  4.139 ,  -   ,"14.997898,102.055741","15.005359,102.076064",คลิกที่นี้,
9,อบจ.นม.01209,เมือง,บ.พะเนาว์ - บ.โตนด,3.784,  -   ,  -   ,  -   ,  -   ,  -   ,  -   ,  2.464 ,  -   ,  -   ,  -   ,  1.320 ,"14.989295,102.193243","14.962389,102.208323",คลิกที่นี้,
10,อบจ.นม.01210,เมือง,บ.นากลาง - บ.โป่งแมลงวัน,5.000,  -   ,  -   ,  0.175 ,  -   ,  -   ,  -   ,  -   ,  -   ,  0.300 ,  -   ,  4.525 ,"14.891882,101.914328","14.886038,101.953652",คลิกที่นี้,
11,อบจ.นม.01211,เมือง,บ.หนองไทร - บ.โกรกเดือนห้า,4.600,  -   ,  -   ,  0.175 ,  -   ,  -   ,  -   ,  -   ,  -   ,  -   ,  4.425 ,  -   ,"14.842470,102.062470","14.850238,102.021947",คลิกที่นี้,
12,อบจ.นม.01312,เมือง,บ.วัดเลียบ - บ.พุดซา,6.890,  -   ,  -   ,  0.700 ,  -   ,  -   ,  -   ,  1.855 ,  -   ,  -   ,  -   ,  4.335 ,"14.977283,102.051609","15.028929,102.044162",คลิกที่นี้,
13,อบจ.นม.01313,เมือง,บ.หนองออก - บ.หัวสระ,3.000,  -   ,  -   ,  -   ,  -   ,  -   ,  -   ,  0.290 ,  -   ,  -   ,  -   ,  2.710 ,"15.041608,102.099745","15.057350,102.106772",คลิกที่นี้,
14,อบจ.นม.01314,เมือง,บ.ขี้ตุ่น - บ.หนองสมอ,4.273,  -   ,  -   ,  -   ,  -   ,  -   ,  -   ,  -   ,  -   ,  -   ,  4.273 ,  -   ,"14.914717,102.192445","14.899488,102.225561",คลิกที่นี้,
15,อบจ.นม.01315,เมือง,บ.โคกกรวด - บ.หนองนมนาง,5.339,  -   ,  -   ,  0.145 ,  -   ,  -   ,  0.235 ,  1.400 ,  -   ,  -   ,  -   ,  3.559 ,"14.928310,101.953780","14.898997,101.985149",คลิกที่นี้,
16,อบจ.นม.01316,เมือง,บ.ยองแยง - วัดพนมวัน,4.545,  -   ,  -   ,  0.175 ,  -   ,  -   ,  -   ,  0.365 ,  -   ,  -   ,  -   ,  4.005 ,"14.993969,102.207416","15.025629,102.193728",คลิกที่นี้,
17,อบจ.นม.01218,เมือง,บ.สะพานหิน - มหาวิทยาลัยสุรนารี,1.200,  -   ,  -   ,  -   ,  -   ,  -   ,  -   ,  -   ,  -   ,  -   ,  1.200 ,  -   ,"14.865304,102.002619","14.873535,102.010263",คลิกที่นี้,
18,อบจ.นม.01219,เมือง,สายแยก ทล.2 - บ.ยองแยง,5.055,  -   ,  -   ,  -   ,  -   ,  -   ,  -   ,  1.215 ,  -   ,  -   ,  -   ,  3.840 ,"15.064340,102.190295","15.027089,102.193277",คลิกที่นี้,
19,อบจ.นม.01220,เมือง,บ.นาตม - บ.ส้มป่อย,1.000,  -   ,  -   ,  -   ,  -   ,  -   ,  -   ,  -   ,  -   ,  -   ,  1.000 ,  -   ," 15.023033,102.066074"," 15.032470,102.064539",คลิกที่นี้,
20,อบจ.นม.01221,เมือง,บ.ฝ้าย - บ.นาตม,2.125,  -   ,  -   ,  0.175 ,  -   ,  -   ,  -   ,  0.683 ,  -   ,  -   ,  -   ,  1.267 ," 15.032694,102.084680"," 15.026971,102.066330",คลิกที่นี้,
21,อบจ.นม.01222,เมือง,บ.โกรก - ถนนมิตรภาพ,3.300,  -   ,  -   ,  0.175 ,  -   ,  -   ,  -   ,  -   ,  -   ,  -   ,  3.125 ,  -   ," 15.081385,102.114629"," 15.098902,102.143093",คลิกที่นี้,
22,อบจ.นม.01223,เมือง,บ.เสาหงษ์ - บ.นากลาง,3.300,  -   ,  -   ,  0.175 ,  -   ,  -   ,  -   ,  1.192 ,  -   ,  0.300 ,  -   ,  1.633 ," 14.898629,101.902164"," 14.875830,101.916079",คลิกที่นี้,
23,อบจ.นม.02101,ครบุรี,บ.มาบพิมาน - บ.ตลิ่งชัน,4.320,  -   ,  -   ,  -   ,  -   ,  -   ,  -   ,  0.782 ,  -   ,  -   ,  -   ,  3.538 ," 14.510556,102.077330"," 14.484726,102.070376",คลิกที่นี้,
24,อบจ.นม.02102,ครบุรี,บ.เทพนิมิตร - บ.ประดู่งาม,2.970,  -   ,  -   ,  -   ,  -   ,  -   ,  -   ,  -   ,  -   ,  -   ,  -   ,  2.970 ," 14.486492,102.326081"," 14.507516,102.351139",คลิกที่นี้,
25,อบจ.นม.02203,ครบุรี,บ.อรพิมพ์ - บ.พนาหนองหิน,6.675,  -   ,  -   ,  -   ,  -   ,  -   ,  -   ,  -   ,  -   ,  -   ,  -   ,  6.675 ," 14.552754,102.214990"," 14.595377,102.256584",คลิกที่นี้,
26,อบจ.นม.02204,ครบุรี,บ.สระว่านพระยา - บ.หัวทำนบ,7.490,  -   ,  -   ,  -   ,  -   ,  -   ,  -   ,  0.595 ,  -   ,  -   ,  6.300 ,  0.595 ," 15.000003,102.646399","15.051978,102.635605",คลิกที่นี้,
27,อบจ.นม.02305,ครบุรี,บ.หนองสะแก - บ.หนองหินโคน,8.500,  -   ,  -   ,  -   ,  -   ,  -   ,  -   ,  0.782 ,  -   ,  -   ,  -   ,  7.718 ," 14.525231,102.262867"," 14.556905,102.312363",คลิกที่นี้,
28,อบจ.นม.02306,ครบุรี,บ.ซับระวิง - บ.บ่อลิง,7.808,  -   ,  -   ,  0.130 ,  -   ,  -   ,  -   ,  0.687 ,  -   ,  -   ,  -   ,  6.991 ," 14.424890,102.361972"," 14.361289,102.365191",คลิกที่นี้,
29,อบจ.นม.02307,ครบุรี,บ.แซะ - บ.โนนกลาง,8.263,  -   ,  -   ,  1.040 ,  -   ,  -   ,  -   ,  -   ,  -   ,  -   ,  -   ,  7.223 ,"14.521102,102.247694"," 14.510522,102.224779",คลิกที่นี้,
30,อบจ.นม.03201,เสิงสาง,บ.สระประทีป - บ.หนองกก,7.228,  -   ,  -   ,  -   ,  -   ,  -   ,  -   ,  -   ,  -   ,  -   ,  -   ,  7.228 ,"14.421990,102.388648","14.476973,102.413318",คลิกที่นี้,
31,อบจ.นม.04201,คง,บ.โนนปอแดง - บ.โนนเต็ง,18.700,  -   ,  -   ,  -   ,  -   ,  -   ,  -   ,  -   ,  -   ,  -   ,  7.100 ,  11.600 ," 15.525455,102.133177"," 15.487733,102.240990",คลิกที่นี้,
32,อบจ.นม.04302,คง,บ.คงถาวร - บ.คงสามัคคี,6.339,  -   ,  -   ,  -   ,  -   ,  -   ,  -   ,  -   ,  -   ,  -   ,  -   ,  6.339 ," 15.446188,102.388445","15.446856,102.334543",คลิกที่นี้,
33,อบจ.นม.04203,คง,บ.ตะโก - บ.โคกตะพาบ,2.000,  -   ,  -   ,  -   ,  -   ,  -   ,  -   ,  -   ,  -   ,  0.210 ,  -   ,  1.790 ," 15.306020,102.348953","15.289365,102.346432",คลิกที่นี้,
34,อบจ.นม.04204,คง,บ.หนองบง - บ.สี่เหลี่ยม,1.670,  -   ,  -   ,  0.168 ,  -   ,  -   ,  -   ,  -   ,  -   ,  0.240 ,  -   ,  1.262 ," 15.422469,102.360164","15.409096,102.361459",คลิกที่นี้,
35,อบจ.นม.04305,คง,โครงการศึกษาทดลองแก้ปัญหาดินเค็ม,6.843,  -   ,  -   ,  -   ,  -   ,  -   ,  -   ,  0.305 ,  -   ,  0.185 ,  -   ,  6.353 ," 15.315906,102.430461"," 15.305745,102.370851",คลิกที่นี้,
36,อบจ.นม.04306,คง,บ.ตะโก - บ.ช่อระกา,7.000,  -   ,  -   ,  0.341 ,  -   ,  -   ,  -   ,  0.295 ,  -   ,  -   ,  -   ,  6.364 ," 15.524630,102.111600","15.555482,102.068956",คลิกที่นี้,
37,อบจ.นม.04307,คง,บ.ตากิ่ม - บ.ดอนทะแยง,4.500,  -   ,  -   ,  0.530 ,  -   ,  -   ,  -   ,  0.295 ,  -   ,  0.375 ,  -   ,  3.300 ,"15.477020,102.144504","15.472479,102.106539",คลิกที่นี้,
38,อบจ.นม.04308,คง,บ.งิ้ว - บ.โนนแดง,3.000,  -   ,  -   ,  0.505 ,  -   ,  -   ,  -   ,  1.200 ,  -   ,  0.270 ,  -   ,  1.025 ,"15.431619,102.429618","15.448179,102.440992",คลิกที่นี้,
39,อบจ.นม.04309,คง,เทศบาลเมืองคง - บ.ไร่,8.000,  -   ,  -   ,  0.127 ,  -   ,  -   ,  -   ,  1.200 ,  -   ,  -   ,  -   ,  6.673 ,"15.449522,102.336183","15.420031,102.383169",คลิกที่นี้,
40,อบจ.นม.05201,บ้านเหลื่อม,บ.เหลื่อม - บ.กุดเวียน,7.130,  -   ,  -   ,  1.180 ,  -   ,  -   ,  -   ,  -   ,  -   ,  -   ,  -   ,  5.950 ,"15.603479,102.083590","15.632726,102.059132",คลิกที่นี้,
41,อบจ.นม.05302,บ้านเหลื่อม,บ.หนองม่วงช่างพิมพ์ - บ.หนองพลวง,3.093,  -   ,  -   ,  0.114 ,  -   ,  -   ,  -   ,  -   ,  -   ,  0.160 ,  -   ,  2.819 ,"15.571413,102.241430","15.593375,102.252994",คลิกที่นี้,
42,อบจ.นม.05503,บ้านเหลื่อม,บ.วังแร่ - บ.ดอนเปล้า,3.750,  -   ,  -   ,  -   ,  -   ,  -   ,  -   ,  -   ,  -   ,  -   ,  -   ,  3.750 ,"15.597584,102.111729","15.603479,102.083590",คลิกที่นี้,
43,อบจ.นม.06201,จักราช,บ.หินโคน - บ.หนองขาม,6.490,  -   ,  -   ,  3.680 ,  -   ,  -   ,  -   ,  -   ,  -   ,  -   ,  -   ,  2.810 ,"15.000636,102.498958","14.943384,102.495239",คลิกที่นี้,
44,อบจ.นม.06202,จักราช,บ.หนองขาม - คลองเมือง,2.970,  -   ,  -   ,  1.920 ,  -   ,  -   ,  -   ,  -   ,  -   ,  -   ,  -   ,  1.050 ,"14.943214,102.495167","14.917581,102.498858",คลิกที่นี้,
45,อบจ.นม.06203,จักราช,"บ.โคกหนองโสน ม.2,3",7.290,  5.388 ,  -   ,  0.505 ,  -   ,  -   ,  -   ,  -   ,  -   ,  -   ,  -   ,  1.397 ,"14.889670,102.402128","14.883131,102.45061",คลิกที่นี้,
46,อบจ.นม.07301,โชคชัย,บ.โคกวังวน - บ.ขี้ตุ่น,3.515,  -   ,  -   ,  0.500 ,  -   ,  -   ,  -   ,  0.360 ,  -   ,  -   ,  -   ,  2.655 ,"14.900546,102.225023","14.919832,102.242701",คลิกที่นี้,
47,อบจ.นม.07202,โชคชัย,บ.ด่านเกวียน - บ.กอก,8.352,  -   ,  -   ,  0.510 ,  -   ,  -   ,  -   ,  3.170 ,  -   ,  -   ,  -   ,  4.672 ,"14.846415,102.200247","14.899130,102.225829",คลิกที่นี้,
48,อบจ.นม.07203,โชคชัย,บ.หนองหญ้าปล้อง - บ.กุดจอกน้อย,4.000,  -   ,  -   ,  0.500 ,  -   ,  -   ,  -   ,  -   ,  -   ,  -   ,  -   ,  3.500 ,"14.854295,102.223334","14.820632,102.224969",คลิกที่นี้,
49,อบจ.นม.07305,โชคชัย,บ.ด่านเกวียน - บ.กุดจอกใหญ่,1.000,  -   ,  -   ,  -   ,  -   ,  -   ,  -   ,  -   ,  -   ,  -   ,  -   ,  1.000 ,"14.811765,102.222091","14.820713,102.223180",คลิกที่นี้,
50,อบจ.นม.07306,โชคชัย,แยกทางหลวง 2017 - บ.หนองทองคำ,7.300,  -   ,  -   ,  0.680 ,  -   ,  -   ,  -   ,  0.315 ,  -   ,  -   ,  -   ,  6.305 ,"14.589223,102.185052","14.645367,102.172357",คลิกที่นี้,
51,อบจ.นม.07207,โชคชัย,ทางหลวงหมายเลข 224 - บ.คลองกลาง,0.500,  -   ,  -   ,  -   ,  -   ,  -   ,  -   ,  0.323 ,  -   ,  -   ,  -   ,  0.177 ,"14.759565,102.163163","14.761398,102.158556",คลิกที่นี้,
52,อบจ.นม.07208,โชคชัย,บ.ปอพราน - บ.หัวสะพาน,3.700,  -   ,  -   ,  0.130 ,  -   ,  -   ,  -   ,  -   ,  -   ,  -   ,  -   ,  3.570 ,"14.665732,102.188000","14.645763,102.172293",คลิกที่นี้,
53,อบจ.นม.08201,ด่านขุนทด,บ.แปรง - บ.หนองกราด,12.766,  -   ,  -   ,  0.645 ,  -   ,  -   ,  -   ,  -   ,  -   ,  1.245 ,  -   ,  10.876 ,"15.335097,101.820843","15.357214,101.721262",คลิกที่นี้,
54,อบจ.นม.08202,ด่านขุนทด,บ.โกรกลึก - บ.ค่ายทะยิง,5.500,  -   ,  -   ,  0.640 ,  -   ,  -   ,  -   ,  -   ,  -   ,  -   ,  -   ,  4.860 ,"15.084616,101.716729","15.071232,101.676335",คลิกที่นี้,
55,อบจ.นม.08303,ด่านขุนทด,บ.ละเลิงพิมาน - บ.กุดม่วง,17.000,  -   ,  -   ,  -   ,  -   ,  -   ,  -   ,  -   ,  -   ,  -   ,  7.400 ,  9.600 ," 15.141410,101.846355"," 15.163284,101.738452",คลิกที่นี้,
56,อบจ.นม.08304,ด่านขุนทด,บ.ด่านนอก - บ.วัง,8.940,  -   ,  -   ,  -   ,  -   ,  -   ,  -   ,  -   ,  -   ,  -   ,  3.200 ,  5.740 ," 15.149446,101.846374"," 15.139782,101.918179",คลิกที่นี้,
57,อบจ.นม.08305,ด่านขุนทด,บ.ห้วย - บ.หนองบัวละคร,0.747,  -   ,  -   ,  0.480 ,  -   ,  -   ,  -   ,  0.310 ,  -   ,  -   ,  -   ,  -   ," 15.245591,101.788265"," 15.247132,101.800709",คลิกที่นี้,
58,อบจ.นม.08306,ด่านขุนทด,บ.ตะเคียนใหญ่ - บ.ปราสาท,15.196,  -   ,  -   ,  -   ,  -   ,  -   ,  -   ,  2.055 ,  -   ,  -   ,  -   ,  13.141 ," 15.132441,101.698420"," 15.159558,101.601684",คลิกที่นี้,
59,อบจ.นม.08307,ด่านขุนทด,บ.ด่านขุนทด - บ.โนนเต็ง,0.600,  -   ,  -   ,  0.132 ,  -   ,  -   ,  -   ,  -   ,  -   ,  -   ,  -   ,  0.468 ," 15.207493,101.766214"," 15.210870,101.749044",คลิกที่นี้,
60,อบจ.นม.08309,ด่านขุนทด,ต่อเขต อบต.ตะเคียนควบคุม ท่าขี้เหล็ก,5.478,  -   ,  -   ,  -   ,  -   ,  -   ,  -   ,  -   ,  -   ,  -   ,  -   ,  5.478 ," 15.129102,101.659670"," 15.169150,101.641120",คลิกที่นี้,
61,อบจ.นม.09301,โนนไทย,บ.หนองกระสังข์ - บ.โนนตากลาง,12.000,  -   ,  -   ,  -   ,  -   ,  -   ,  -   ,  -   ,  -   ,  -   ,  -   ,  12.000 ," 15.139971,102.105538"," 15.150233,102.163426",คลิกที่นี้,
62,อบจ.นม.09202,โนนไทย,ตลาดโคกสวาย - บ.หนองหอย,3.500,  -   ,  -   ,  -   ,  -   ,  -   ,  -   ,  -   ,  -   ,  -   ,  2.300 ,  1.200 ," 15.267142,102.021124"," 15.295049,102.035518",คลิกที่นี้,
63,อบจ.นม.09203,โนนไทย,บ.สายออ - บ.ตลุกชั่งโค,1.500,  -   ,  -   ,  -   ,  -   ,  -   ,  -   ,  -   ,  -   ,  -   ,  -   ,  1.500 ," 15.262625 ,102.050865"," 15.274202,102.059523",คลิกที่นี้,
64,อบจ.นม.09304,โนนไทย,บ.มะค่า - บ.โตนด,10.485,  -   ,  -   ,  0.470 ,  -   ,  -   ,  -   ,  2.515 ,  -   ,  0.325 ,  -   ,  7.175 ," 15.234409,102.094256","15.269554,102.092145",คลิกที่นี้,
65,อบจ.นม.09305,โนนไทย,บ.สำโรง - บ.หนองแวง,8.645,  -   ,  -   ,  -   ,  -   ,  -   ,  -   ,  -   ,  -   ,  0.170 ,  -   ,  8.475 ," 15.145933,102.002868"," 15.183831,101.985875",คลิกที่นี้,
66,อบจ.นม.10301,โนนสูง,บ.โคกสะอาด - บ.ขามเฒ่า,6.200,  -   ,  -   ,  -   ,  -   ,  -   ,  -   ,  -   ,  -   ,  -   ,  -   ,  6.200 ," 15.269136,102.250196","15.316124,102.243401",คลิกที่นี้,
67,อบจ.นม.10202,โนนสูง,บ.ด่านคนคบ - ปากทางเทศบาล,4.000,  -   ,  -   ,  0.515 ,  -   ,  -   ,  -   ,  -   ,  -   ,  -   ,  -   ,  3.485 ," 15.147694,102.194887"," 15.156269,102.225273",คลิกที่นี้,
68,อบจ.นม.10203,โนนสูง,บ.บิง - บ.เหมต่ำ,2.000,  -   ,  -   ,  0.558 ,  -   ,  -   ,  -   ,  -   ,  -   ,  -   ,  -   ,  1.442 ," 15.124375,102.304003"," 15.109577,102.313858",คลิกที่นี้,
69,อบจ.นม.10204,โนนสูง,บ.กลึง - บ.หนองสะแก,5.900,  -   ,  -   ,  0.525 ,  -   ,  -   ,  -   ,  -   ,  -   ,  -   ,  -   ,  5.375 ," 15.301779,102.205576"," 15.299608,102.155915",คลิกที่นี้,
70,อบจ.นม.10305,โนนสูง,บ.โค้งกระพี้ - บ.คล้า,10.256,  -   ,  -   ,  1.142 ,  -   ,  -   ,  -   ,  0.430 ,  -   ,  -   ,  -   ,  8.684 ," 15.146169,102.144042"," 15.195620,102.196464",คลิกที่นี้,
71,อบจ.นม.10206,โนนสูง,มิตรภาพ - บ.หนองโจด,7.470,  -   ,  -   ,  -   ,  -   ,  -   ,  -   ,  -   ,  -   ,  -   ,  -   ,  7.470 ," 15.097198,102.280154"," 15.058832,102.309857",คลิกที่นี้,
72,อบจ.นม.10307,โนนสูง,บ.หนองกระโดน - บ.ด่านคนคบ,1.700,  -   ,  -   ,  -   ,  -   ,  -   ,  -   ,  0.570 ,  -   ,  -   ,  -   ,  1.130 ," 15.147694,102.194887"," 15.132350,102.196086",คลิกที่นี้,
73,อบจ.นม.10308,โนนสูง,เทศบาลโนนสูง - บ.สระพรวน,0.700,  -   ,  -   ,  -   ,  -   ,  -   ,  -   ,  -   ,  -   ,  -   ,  -   ,  0.700 ," 15.186257,102.278652"," 15.184836,102.285116",คลิกที่นี้,
74,อบจ.นม.10309,โนนสูง,บ.ดงพลอง - เทศบาลมะค่า,2.000,  -   ,  -   ,  0.550 ,  -   ,  -   ,  -   ,  -   ,  -   ,  -   ,  -   ,  1.450 ," 15.228519,102.290157"," 15.235641,102.304339",คลิกที่นี้,
75,อบจ.นม.10310,โนนสูง,บ.บิง - บ.จันดุม,3.023,  -   ,  -   ,  0.137 ,  -   ,  -   ,  -   ,  -   ,  -   ,  -   ,  -   ,  2.886 ," 15.126795,102.304936"," 15.153635,102.295839",คลิกที่นี้,
76,อบจ.นม.10311,โนนสูง,บ.ถนนถั่ว - บ.บิง,2.450,  -   ,  -   ,  -   ,  -   ,  -   ,  -   ,  -   ,  -   ,  -   ,  -   ,  2.450 ," 15.131344,102.228845"," 15.137090,102.250796",คลิกที่นี้,
77,อบจ.นม.10312,โนนสูง,บ.มะรุม - บ.มะค่า,0.470,  -   ,  -   ,  0.300 ,  -   ,  -   ,  -   ,  -   ,  -   ,  -   ,  -   ,  0.170 ," 15.273631,102.271037"," 15.275287,102.275153",คลิกที่นี้,
78,อบจ.นม.11201,ขามสะแกแสง,สุขาภิบาลขามสะแกแสง - บ.ห้วย,8.000,  -   ,  -   ,  0.545 ,  -   ,  -   ,  -   ,  0.284 ,  -   ,  -   ,  -   ,  7.171 ," 15.334285,102.179171"," 15.349938,102.246060",คลิกที่นี้,
79,อบจ.นม.11202,ขามสะแกแสง,ขามสะแกแสง - บ.โนนผักชี,8.100,  -   ,  -   ,  0.545 ,  -   ,  -   ,  -   ,  0.750 ,  -   ,  -   ,  -   ,  6.805 ," 15.333781,102.156808"," 15.351627,102.087716",คลิกที่นี้,
80,อบจ.นม.12301,บัวใหญ่,บ.หนองพลวง - บ.โคกสะอาด,7.750,  -   ,  -   ,  -   ,  -   ,  -   ,  -   ,  -   ,  -   ,  -   ,  -   ,  7.750 ," 15.592939,102.263100"," 15.547344,102.297547",คลิกที่นี้,
81,อบจ.นม.12202,บัวใหญ่,บ.ดอนคนทา - บ.โคกกลาง,6.300,  -   ,  -   ,  -   ,  -   ,  -   ,  -   ,  1.000 ,  -   ,  -   ,  -   ,  5.300 ," 15.658837,102.360888"," 15.687821,102.401213",คลิกที่นี้,
82,อบจ.นม.12203,บัวใหญ่,บ.ป่าตอง - บ.หลุบกุง,5.275,  -   ,  -   ,  -   ,  -   ,  -   ,  -   ,  -   ,  -   ,  -   ,  -   ,  5.275 ," 15.593536,102.427724"," 15.637916,102.436704",คลิกที่นี้,
83,อบจ.นม.12204,บัวใหญ่,หนองหญ้าปล้อง - บ.ด่านช้าง,5.200,  -   ,  -   ,  0.393 ,  0.960 ,  -   ,  1.400 ,  0.380 ,  -   ,  0.385 ,  -   ,  1.682 ," 15.658688,102.300349"," 15.634364,102.310460",คลิกที่นี้,
84,อบจ.นม.12206,สีดา,บ.ตาลาด - บ.หนองอ้ายแหนบ,8.450,  -   ,  -   ,  -   ,  -   ,  -   ,  -   ,  0.580 ,  2.940 ,  -   ,  -   ,  4.930 ," 15.487353,102.519594"," 15.528298,102.510649",คลิกที่นี้,
85,อบจ.นม.12207,บัวใหญ่,บ.กรวย - บ.เสมาใหญ่,1.900,  -   ,  -   ,  0.200 ,  -   ,  -   ,  -   ,  -   ,  -   ,  -   ,  -   ,  1.700 ," 15.483330,102.475245"," 15.496202,102.464350",คลิกที่นี้,
86,อบจ.นม.12208,บัวใหญ่,บ.หนองแจ้งใหญ่ - บ.อีโค,4.110,  -   ,  -   ,  0.521 ,  -   ,  -   ,  -   ,  -   ,  -   ,  -   ,  -   ,  3.589 ," 15.559129,102.389701"," 15.593147,102.384905",คลิกที่นี้,
87,อบจ.นม.13201,ประทาย,บ.เขว้า ม.6 - บ.นางรำ,3.630,  -   ,  -   ,  -   ,  -   ,  -   ,  -   ,  -   ,  -   ,  -   ,  -   ,  3.630 ," 15.526226,102.618116"," 15.502156,102.616983",คลิกที่นี้,
88,อบจ.นม.13202,ประทาย,หนองม่วงใหญ่ -  บ.หนองกุง,3.721,  -   ,  -   ,  0.118 ,  -   ,  -   ,  -   ,  0.272 ,  -   ,  0.290 ,  -   ,  3.041 ," 15.601074,102.671870"," 15.594787,102.700245",คลิกที่นี้,
89,อบจ.นม.13203,ประทาย,บ.ดอนมัน - บ.ละเลิงเหิน,3.275,  -   ,  -   ,  -   ,  -   ,  -   ,  -   ,  -   ,  -   ,  -   ,  -   ,  3.275 ," 15.484460,102.756574"," 15.486663,102.722991",คลิกที่นี้,
90,อบจ.นม.13304,ประทาย,บ.ไร่อ้อย - บ.หันห้วยทราย,7.500,  -   ,  -   ,  -   ,  -   ,  -   ,  -   ,  0.340 ,  -   ,  0.165 ,  -   ,  6.995 ," 15.574075,102.649178"," 15.633202,102.647462",คลิกที่นี้,
91,อบจ.นม.13305,ประทาย,บ.ทุ่งมน - บ.สำโรง,0.600,  -   ,  -   ,  -   ,  -   ,  -   ,  -   ,  0.261 ,  -   ,  -   ,  -   ,  0.339 ," 15.551490,102.759040"," 15.557095,102.759017",คลิกที่นี้,
92,อบจ.นม.13306,ประทาย,บ.กระทุ่มราย - บ.โนนหญ้านาง,11.338,  -   ,  -   ,  1.248 ,  -   ,  -   ,  -   ,  0.340 ,  -   ,  1.900 ,  -   ,  7.850 ," 15.553497,102.643948"," 15.624507,102.687733",คลิกที่นี้,
93,อบจ.นม.13307,ประทาย,บ.บึงกระโดน - บ.ดอนยาว,10.800,  -   ,  -   ,  -   ,  -   ,  -   ,  -   ,  0.620 ,  -   ,  0.200 ,  -   ,  9.980 ," 15.546807,102.740732"," 15.640268,102.745769",คลิกที่นี้,
94,อบจ.นม.14201,ปักธงชัย,บ.งิ้ว - บ.หนองโดน,12.698,  -   ,  -   ,  0.588 ,  -   ,  -   ,  -   ,  -   ,  -   ,  -   ,  10.256 ,  1.854 ," 14.688450,102.010930"," 14.691894,101.910955",คลิกที่นี้,
95,อบจ.นม.14202,ปักธงชัย,บ.พระบึง - บ.พัดทะเล,6.000,  -   ,  -   ,  -   ,  -   ,  -   ,  -   ,  -   ,  -   ,  -   ,  -   ,  6.000 ," 14.653314,101.890674"," 14.608788,101.883756",คลิกที่นี้,
96,อบจ.นม.14203,ปักธงชัย,บ.โคกศิลา - บ.หัน,4.760,  -   ,  -   ,  0.588 ,  -   ,  -   ,  0.210 ,  0.998 ,  -   ,  -   ,  -   ,  2.964 ," 14.750858,102.035216"," 14.734169,101.999206",คลิกที่นี้,
97,อบจ.นม.14204,ปักธงชัย,บ.เก่านางเหริญ - บ.โกรกละลาย,3.990,  -   ,  -   ,  0.588 ,  -   ,  -   ,  -   ,  -   ,  -   ,  -   ,  -   ,  3.402 ," 14.663542,102.057688"," 14.645173,102.083154",คลิกที่นี้,
98,อบจ.นม.14305,ปักธงชัย,บ.ลำซอ - บ.โคกสมอ,7.700,  -   ,  -   ,  0.588 ,  -   ,  -   ,  0.160 ,  0.680 ,  -   ,  -   ,  -   ,  6.272 ," 14.720496,102.096362"," 14.734023,102.029589",คลิกที่นี้,
99,อบจ.นม.14306,ปักธงชัย,บ.หนองแฟบ - บ.โคกนางเหริญ,20.150,  -   ,  -   ,  -   ,  -   ,  -   ,  -   ,  -   ,  -   ,  -   ,  -   ,  20.150 ," 14.612684,102.049797"," 14.653327,102.064324",คลิกที่นี้,
100,อบจ.นม.14307,ปักธงชัย,บ.โคกสระน้อย - บ.เก่าสะแกราช,13.992,  -   ,  -   ,  -   ,  -   ,  -   ,  -   ,  -   ,  -   ,  -   ,  -   ,  13.992 ," 14.681039,102.049591"," 14.616468,102.017712",คลิกที่นี้,
101,อบจ.นม.14308,ปักธงชัย,บ.นกออก - บ.หนองหญ้าปล้อง,13.295,  -   ,  -   ,  0.150 ,  -   ,  -   ,  -   ,  1.200 ,  -   ,  0.180 ,  -   ,  11.765 ," 14.694643,102.026925"," 14.659480,102.013599",คลิกที่นี้,
102,อบจ.นม.14009,ปักธงชัย,บ.หนองปล้อง - บ.คลองกี่,12.655,  -   ,  -   ,  -   ,  -   ,  -   ,  -   ,  -   ,  -   ,  -   ,  9.800 ,  2.855 ," 14.673182,102.014870"," 14.677088,101.951999",คลิกที่นี้,
103,อบจ.นม.14010,ปักธงชัย,บ.โคกสะอาด ม.1 - บ.บุชะอม ม.4,1.250,  -   ,  -   ,  -   ,  -   ,  -   ,  -   ,  -   ,  -   ,  -   ,  -   ,  1.250 ," 14.678953,101.911664"," 14.675736,101.897739",คลิกที่นี้,
104,อบจ.นม.14011,ปักธงชัย,แยก ทล.หมายเลข 24  - บ.สวนหอม,11.671,  -   ,  -   ,  -   ,  -   ,  -   ,  0.210 ,  -   ,  -   ,  0.400 ,  9.500 ,  1.561 ," 14.786788,101.938387"," 14.786788,101.938387",คลิกที่นี้,จุดเริ่มต้นกับปลายทาง
105,อบจ.นม.14012,ปักธงชัย,บ.หนองตะแบก - บ.หนองประดู่,6.000,  -   ,  -   ,  -   ,  -   ,  -   ,  -   ,  -   ,  -   ,  -   ,  -   ,  6.000 ," 14.642002,102.065110"," 14.642093,102.085362",คลิกที่นี้,
106,อบจ.นม.15101,พิมาย,สายเมนที่ 3,7.000,  -   ,  -   ,  0.502 ,  -   ,  -   ,  -   ,  1.120 ,  -   ,  -   ,  -   ,  5.378 ," 15.118698,102.515325"," 15.109447,102.450831",คลิกที่นี้,
107,อบจ.นม.15102,พิมาย,สายเมนที่ 4,5.600,  -   ,  -   ,  -   ,  -   ,  -   ,  -   ,  0.567 ,  -   ,  0.380 ,  -   ,  4.653 ," 15.208319,102.530644"," 15.170807,102.561556",คลิกที่นี้,
108,อบจ.นม.15103,พิมาย,สายเมนที่ 1,6.240,  -   ,  -   ,  -   ,  -   ,  -   ,  -   ,  -   ,  -   ,  0.320 ,  2.000 ,  3.920 ," 15.156195,102.510498"," 15.146062,102.455690",คลิกที่นี้,
109,อบจ.นม.15204,พิมาย,บ.หนองปรือ - บ.ดงใหญ่,7.550,  -   ,  -   ,  0.170 ,  -   ,  -   ,  -   ,  1.225 ,  -   ,  0.320 ,  -   ,  5.835 ," 15.269444,102.623083"," 15.327865,102.596880",คลิกที่นี้,
110,อบจ.นม.15205,พิมาย,สายเมนที่ 5,8.213,  -   ,  -   ,  -   ,  -   ,  -   ,  -   ,  1.250 ,  -   ,  -   ,  -   ,  6.963 ," 15.162640,102.509420"," 15.180554,102.563854",คลิกที่นี้,
111,อบจ.นม.15206,พิมาย,บ.เมืองที - บ.ธารละหลอด,2.510,  -   ,  -   ,  0.103 ,  -   ,  -   ,  -   ,  0.500 ,  -   ,  -   ,  -   ,  1.907 ," 15.161307,102.382165"," 15.158370,102.360190",คลิกที่นี้,
112,อบจ.นม.15307,พิมาย,บ.วังหิน - บ.ทองหลาง,5.662,  -   ,  -   ,  0.502 ,  -   ,  -   ,  -   ,  0.806 ,  -   ,  -   ,  -   ,  4.354 ," 15.189211,102.503144"," 15.166546,102.462187",คลิกที่นี้,
113,อบจ.นม.15308,พิมาย,บ.ท่าหลวง - บ.กล้วย,16.000,  -   ,  -   ,  -   ,  -   ,  -   ,  -   ,  2.180 ,  -   ,  -   ,  3.600 ,  10.220 ," 15.248040,102.512537"," 15.296707,102.612750",คลิกที่นี้,
114,อบจ.นม.15309,พิมาย,บ.โนนไม้แดง - บ.ใหม่ไทยจารย์,9.518,  -   ,  -   ,  -   ,  -   ,  -   ,  -   ,  -   ,  -   ,  -   ,  3.900 ,  5.618 ," 15.171266,102.665340"," 15.110708,102.710254",คลิกที่นี้,
115,อบจ.นม.15310,พิมาย,บ.ตำแย - บ.วัด,5.965,  -   ,  -   ,  -   ,  -   ,  -   ,  -   ,  -   ,  -   ,  -   ,  4.600 ,  1.365 ," 15.239648,102.458164"," 15.286129,102.467500",คลิกที่นี้,
116,อบจ.นม.16101,ห้วยแถลง,บ.เจริญผล - บ.สระแก้ว,6.200,  -   ,  -   ,  -   ,  -   ,  -   ,  -   ,  -   ,  -   ,  0.380 ,  -   ,  5.820 ," 15.000003,102.646399"," 15.051978,102.635605",คลิกที่นี้,
117,อบจ.นม.16202,ห้วยแถลง,บ.หนองเครือ - บ.ห้วยแคน,5.600,  -   ,  -   ,  -   ,  -   ,  -   ,  -   ,  -   ,  -   ,  -   ,  4.000 ,  1.600 ," 14.953984,102.638183"," 14.948401,102.687188",คลิกที่นี้,
118,อบจ.นม.16203,ห้วยแถลง,บ.หนองแสง - บ.หนองม่วง,2.000,  -   ,  -   ,  0.160 ,  -   ,  -   ,  -   ,  -   ,  -   ,  -   ,  -   ,  1.840 ," 15.044365,102.519647"," 15.026974,102.518483",คลิกที่นี้,
119,อบจ.นม.16204,ห้วยแถลง,บ.หินดาด - บ.หนองปื้ด,15.000,  -   ,  -   ,  -   ,  -   ,  -   ,  -   ,  -   ,  -   ,  -   ,  -   ,  15.000 ," 15.002540,102.561562"," 14.927602,102.543710",คลิกที่นี้,
120,อบจ.นม.16005,ห้วยแถลง,บ.หนองจิก - บ.ปรางค์ ,1.284,  -   ,  -   ,  0.120 ,  -   ,  -   ,  -   ,  -   ,  -   ,  0.160 ,  -   ,  1.004 ," 14.977849,102.639718"," 14.968700,102.633758",คลิกที่นี้,
121,อบจ.นม.16006,ห้วยแถลง,บ.โนนสุวรรณ - บ.โนนเสมา ,0.570,  -   ,  -   ,  -   ,  -   ,  -   ,  -   ,  -   ,  -   ,  -   ,  -   ,  0.570 ," 15.052319,102.511733"," 15.051420,102.506582",คลิกที่นี้,
122,อบจ.นม.17301,ชุมพวง,บ.เหล่าจั่น - บ.หนองม่วง,2.200,  -   ,  -   ,  0.143 ,  -   ,  -   ,  -   ,  -   ,  -   ,  0.155 ,  -   ,  1.902 ," 15.250262,102.728464"," 15.239728,102.713828",คลิกที่นี้,
123,อบจ.นม.17302,ชุมพวง,บ.หนองจิก - บ.ชุมพวง,21.706,  -   ,  -   ,  0.200 ,  -   ,  -   ,  -   ,  -   ,  -   ,  -   ,  -   ,  21.506 ," 15.352028,102.741701"," 15.281498,102.652183",คลิกที่นี้,
124,อบจ.นม.17303,ชุมพวง,บ.หนองโน - บ.หนองตาด,2.000,  -   ,  -   ,  -   ,  -   ,  -   ,  -   ,  -   ,  -   ,  -   ,  -   ,  2.000 ," 15.220379,102.818503"," 15.209018,102.806517",คลิกที่นี้,
125,อบจ.นม.17304,ชุมพวง,บ.ประสุข - บ.หนองจิก,4.332,  -   ,  -   ,  0.476 ,  -   ,  -   ,  -   ,  -   ,  -   ,  0.155 ,  -   ,  3.701 ," 15.310461,102.640478"," 15.281193,102.647956",คลิกที่นี้,
126,อบจ.นม.17305,ชุมพวง,บ.ละโว้ - บ.เขว้า,1.200,  -   ,  -   ,  -   ,  -   ,  -   ,  -   ,  -   ,  -   ,  -   ,  -   ,  1.200 ," 15.310987,102.719831"," 15.313809,102.709703",คลิกที่นี้,
127,อบจ.นม.17306,ชุมพวง,บ.หนองไร่ - บ.ลุงประดู่,2.900,  -   ,  -   ,  -   ,  -   ,  -   ,  -   ,  -   ,  -   ,  -   ,  -   ,  2.900 ," 15.133591,102.764426"," 15.158272,102.772578",คลิกที่นี้,
128,อบจ.นม.17307,ชุมพวง,บ.โนนรัง - บูรพา,0.700,  -   ,  -   ,  0.200 ,  -   ,  -   ,  -   ,  -   ,  -   ,  -   ,  -   ,  0.500 ," 15.222984,102.836701"," 15.217116,102.837301",คลิกที่นี้,
129,อบจ.นม.17308,ประทาย,บ.ลิ้นฟ้า - บ.ท่าสวนยา,6.912,  -   ,  -   ,  -   ,  -   ,  -   ,  -   ,  0.375 ,  -   ,  -   ,  -   ,  6.537 ," 15.426761,102.890678"," 15.512310,102.843848",คลิกที่นี้,
130,อบจ.นม.17309,ชุมพวง,บ.หนองหว้า - บ.หนองขาม,11.000,  -   ,  -   ,  0.527 ,  -   ,  -   ,  -   ,  0.380 ,  -   ,  -   ,  -   ,  10.093 ," 15.209367,102.779674"," 15.288878,102.737734",คลิกที่นี้,
131,อบจ.นม.17210,ชุมพวง,บ.ขุนละคร - บ.หนองออ,10.850,  -   ,  -   ,  0.397 ,  -   ,  -   ,  -   ,  0.960 ,  -   ,  -   ,  -   ,  9.493 ," 15.405565,102.748035"," 15.413629,102.846366",คลิกที่นี้,
132,อบจ.นม.18201,สูงเนิน,บ.มะเกลือใหม่ - บ.สูงเนิน,7.030,  -   ,  -   ,  -   ,  -   ,  -   ,  -   ,  -   ,  -   ,  -   ,  -   ,  7.030 ," 14.871767,101.765451"," 14.892033,101.822074",คลิกที่นี้,
133,อบจ.นม.18202,สูงเนิน,บ.ตะคองหลง - บ.โสกแจ้ง,10.142,  -   ,  -   ,  -   ,  -   ,  -   ,  -   ,  1.580 ,  -   ,  -   ,  -   ,  8.562 ," 14.900790,101.815433"," 14.992963,101.782222",คลิกที่นี้,
134,อบจ.นม.18203,สูงเนิน,สุขาภิบาลสูงเนิน - โบราณสถานวัดธรรมจักรเสมาราม,3.800,  -   ,  -   ,  -   ,  -   ,  -   ,  -   ,  -   ,  -   ,  -   ,  -   ,  3.800 ," 14.922470,101.804302"," 14.915052,101.793120",คลิกที่นี้,
135,อบจ.นม.18204,สูงเนิน,สุขาภิบาลสูงเนิน - ปราสาทหินเมืองแขก,1.385,  -   ,  -   ,  -   ,  -   ,  -   ,  -   ,  -   ,  -   ,  -   ,  -   ,  1.385 ," 14.905871,101.834111"," 14.910850,101.831334",คลิกที่นี้,
136,อบจ.นม.18205,สูงเนิน,กุดจิก - บ.โนนค่า,3.890,  -   ,  -   ,  -   ,  -   ,  -   ,  -   ,  -   ,  -   ,  -   ,  -   ,  3.890 ," 14.911809,101.880464"," 14.940703,101.867175",คลิกที่นี้,
137,อบจ.นม.18206,สูงเนิน,บ.หนองตะไก้ - บ.ดอนกอก,4.674,  -   ,  -   ,  -   ,  -   ,  -   ,  -   ,  -   ,  -   ,  -   ,  -   ,  4.674 ," 14.849093,101.898058"," 14.848732,101.860312",คลิกที่นี้,
138,อบจ.นม.18307,สูงเนิน,บ.บุใหญ่ - บ.นาตะโครก,3.548,  -   ,  -   ,  -   ,  -   ,  -   ,  -   ,  -   ,  -   ,  -   ,  -   ,  3.548 ," 14.885614,101.867132"," 14.907247,101.848118",คลิกที่นี้,
139,อบจ.นม.18008,สูงเนิน,ทางเข้าปราสาทเมืองแขก,2.850,  -   ,  -   ,  -   ,  -   ,  -   ,  -   ,  -   ,  -   ,  -   ,  -   ,  2.850 ," 14.892280,101.822221"," 14.909268,101.832008",คลิกที่นี้,
140,อบจ.นม.18009,สูงเนิน,สายยุทธศาสตร์ บ.กุดจิก - บ.นากลาง,7.050,  -   ,  -   ,  -   ,  -   ,  -   ,  -   ,  2.560 ,  -   ,  -   ,  -   ,  4.490 ," 14.897229,101.835543"," 14.899429,101.900317",คลิกที่นี้,
141,อบจ.นม.18010,สูงเนิน,บ.โนนค่า,0.400,  -   ,  -   ,  -   ,  -   ,  -   ,  -   ,  -   ,  -   ,  -   ,  -   ,  0.400 ," 14.937672,101.866832"," 14.937868,101.863199",คลิกที่นี้,
142,อบจ.นม.18011,สูงเนิน,บ.โนนค่า - บ.โคกกระพี้,2.220,  -   ,  -   ,  -   ,  -   ,  -   ,  -   ,  -   ,  -   ,  -   ,  -   ,  2.220 ," 14.948233,101.862226"," 14.967363,101.857821",คลิกที่นี้,
143,อบจ.นม.18012,สูงเนิน,บ.โนนค่า - บ.หนองหอย,0.850,  -   ,  -   ,  0.110 ,  -   ,  -   ,  -   ,  -   ,  -   ,  -   ,  -   ,  0.740 ," 14.941091,101.866911"," 14.947554,101.862567",คลิกที่นี้,
144,อบจ.นม.18013,สูงเนิน,บ.บุใหญ่ - บ.สุขาวดี,0.850,  -   ,  -   ,  -   ,  -   ,  -   ,  -   ,  -   ,  -   ,  -   ,  -   ,  0.850 ," 14.882802,101.863812"," 14.870142,101.864237",คลิกที่นี้,
145,อบจ.นม.19101,ขามทะเลสอ,บ.หนองกระโดน - บ.หนองม่วง,7.880,  0.150 ,  -   ,  0.520 ,  -   ,  -   ,  -   ,  1.000 ,  -   ,  -   ,  -   ,  6.210 ,"15.048611,101.910928","14.995327,101.893929",คลิกที่นี้,
146,อบจ.นม.19202,ขามทะเลสอ,บ.หนองคู - บ.โป่งสุริยา,2.085,  -   ,  -   ,  -   ,  -   ,  -   ,  -   ,  -   ,  -   ,  -   ,  -   ,  2.085 ,"14.951012,101.950845","14.944680,101.932215",คลิกที่นี้,
147,อบจ.นม.19303,ขามทะเลสอ,บ.ขามทะเลสอ - บ.โนน,6.425,  1.180 ,  -   ,  0.417 ,  -   ,  -   ,  -   ,  0.855 ,  -   ,  -   ,  -   ,  3.973 ,"14.954634,101.950119","14.937490,101.904217",คลิกที่นี้,
148,อบจ.นม.19204,ขามทะเลสอ,บ.บึงอ้อ - บ.โตนด,11.046,  0.462 ,  -   ,  0.417 ,  2.370 ,  -   ,  -   ,  0.875 ,  -   ,  -   ,  -   ,  6.922 ,"15.010162,101.925159","15.069012,101.979993",คลิกที่นี้,
149,อบจ.นม.19005,ขามทะเลสอ,บ.โตนด ม.3 ต.พันดุง - บ.โนนตาล ม.2 ต.บึงอ้อ,1.900,  1.350 ,  -   ,  0.417 ,  0.675 ,  -   ,  -   ,  0.278 ,  -   ,  -   ,  -   ,  -   ,"15.068853,101.976128","15.058468,101.991921",คลิกที่นี้,
150,อบจ.นม.20101,สีคิ้ว,บ.ลาดใหญ่ - บ.หนองไทร,7.130,  -   ,  -   ,  0.418 ,  -   ,  -   ,  -   ,  -   ,  -   ,  -   ,  -   ,  6.712 ,"14.988846,101.459307","14.966413,101.509696",คลิกที่นี้,
151,อบจ.นม.20302,สีคิ้ว,บ.สีคิ้ว - บ.หนองไม้ตาย,13.410,  -   ,  -   ,  0.418 ,  -   ,  -   ,  -   ,  -   ,  -   ,  0.215 ,  -   ,  12.777 ,"14.893814,101.730273","14.993771,101.745584",คลิกที่นี้,
152,อบจ.นม.20304,สีคิ้ว,บ.หนองน้ำใส - บ.สง่าพัฒนา,3.300,  -   ,  -   ,  -   ,  -   ,  -   ,  -   ,  0.422 ,  -   ,  -   ,  -   ,  2.878 ,"14.942249,101.502008","14.949309,101.473469",คลิกที่นี้,
153,อบจ.นม.20305,สีคิ้ว,บ.สีคิ้ว - บ.หัน,10.182,  -   ,  -   ,  -   ,  -   ,  -   ,  -   ,  0.315 ,  -   ,  0.215 ,  -   ,  9.652 ,"14.890429,101.728891","14.959624,101.754719",คลิกที่นี้,
154,อบจ.นม.20306,สีคิ้ว,แยก ทล.2 - ทางแยกเข้าตลาดด่านขุนทด,8.027,  -   ,  -   ,  -   ,  -   ,  -   ,  -   ,  -   ,  -   ,  -   ,  -   ,  8.027 ,"15.095349,101.721480","15.173399,101.814952",คลิกที่นี้,
155,อบจ.นม.21301,ปากช่อง,บ.คลองยาง - บ.คลองม่วง,21.100,  1.100 ,  -   ,  0.520 ,  -   ,  -   ,  -   ,  0.445 ,  -   ,  -   ,  -   ,  19.035 ,"14.718601,101.512733","14.638607,101.655203",คลิกที่นี้,
156,อบจ.นม.21102,ปากช่อง,บ.ซับสวอง - บ.ไร่,10.000,  -   ,  -   ,  -   ,  -   ,  -   ,  -   ,  -   ,  -   ,  -   ,  -   ,  10.000 ,"14.602557,101.468138","14.557048,101.408525",คลิกที่นี้,
157,อบจ.นม.21103,ปากช่อง,เขาจันทร์หอม - บุ่งเตย,4.000,  1.361 ,  -   ,  -   ,  -   ,  -   ,  -   ,  -   ,  -   ,  -   ,  -   ,  2.639 ,"14.578124,101.552079","14.545966,101.530914",คลิกที่นี้,
158,อบจ.นม.21104,ปากช่อง,รร.นิคมชลฯ - ซับเศรษฐี,5.000,  1.045 ,  -   ,  -   ,  -   ,  -   ,  -   ,  -   ,  -   ,  -   ,  -   ,  3.955 ,"14.640817,101.540428","14.659157,101.576654",คลิกที่นี้,
159,อบจ.นม.21205,ปากช่อง,บ.ขนงพระกลาง - บ.โป่งกระสัง,6.201,  -   ,  -   ,  -   ,  -   ,  -   ,  -   ,  1.050 ,  -   ,  -   ,  -   ,  5.151 ,"14.612277,101.445529","14.609816,101.402909",คลิกที่นี้,
160,อบจ.นม.21206,ปากช่อง,บ.บุ่งเตย - บ.สระน้ำใส,5.000,  -   ,  -   ,  -   ,  -   ,  -   ,  -   ,  -   ,  -   ,  -   ,  -   ,  5.000 ,"14.549218,101.505535","14.555531,101.478312",คลิกที่นี้,
161,อบจ.นม.21208,ปากช่อง,บ.หนองขี้ตุ่น - บ.หนองจอก,4.390,  -   ,  -   ,  -   ,  -   ,  -   ,  -   ,  -   ,  -   ,  -   ,  -   ,  4.390 ,"14.553418,101.574252","14.521495,101.527833",คลิกที่นี้,
162,อบจ.นม.21109,ปากช่อง,หนองไทร - วังไทร,7.000,  -   ,  -   ,  -   ,  -   ,  -   ,  -   ,  1.628 ,  -   ,  -   ,  -   ,  5.372 ,"14.637856,101.639730","14.687891,101.601136",คลิกที่นี้,
163,อบจ.นม.21110,ปากช่อง,บ.ทรัพย์เศรษฐี - บ.กุดโง้ง,4.046,  -   ,  -   ,  -   ,  -   ,  -   ,  -   ,  0.750 ,  -   ,  -   ,  -   ,  3.296 ," 14.648646,101.585172"," 14.671974,101.611075",คลิกที่นี้,
164,อบจ.นม.21111,ปากช่อง,บ.นา - บ.ขนงพระเหนือ,11.815,  -   ,  -   ,  -   ,  -   ,  -   ,  -   ,  1.000 ,  -   ,  -   ,  -   ,  10.815 ," 14.604562,101.471150"," 14.622525,101.439279",คลิกที่นี้,
165,อบจ.นม.21112,ปากช่อง,บ.โป่งไทร - บ.ซับสำราญ,3.900,  -   ,  -   ,  -   ,  -   ,  -   ,  -   ,  2.250 ,  -   ,  -   ,  -   ,  1.650 ," 14.499498,101.565986"," 14.530427,101.577350",คลิกที่นี้,
166,อบจ.นม.21113,ปากช่อง,บ.โนนอารีย์ - บ.หนองใหญ่,0.650,  -   ,  -   ,  -   ,  -   ,  -   ,  -   ,  -   ,  -   ,  -   ,  -   ,  0.650 ," 14.737462,101.371747"," 14.738173,101.378608",คลิกที่นี้,
167,อบจ.นม.21114,ปากช่อง,ต่อทางของเทศบาลปากช่อง - แยกไปชัยภูมิ,7.400,  -   ,  -   ,  -   ,  -   ,  -   ,  -   ,  -   ,  -   ,  -   ,  -   ,  7.400 ," 14.718840,101.395651"," 14.761127,101.345076",คลิกที่นี้,
168,อบจ.นม.21115,ปากช่อง,แยกทล.หมายเลข - ซับพลู,25.000,  -   ,  -   ,  -   ,  -   ,  -   ,  -   ,  -   ,  -   ,  -   ,  -   ,  25.000 ," 14.633173,101.611281"," 14.715356,101.437753",คลิกที่นี้,
169,อบจ.นม.22201,หนองบุญมาก,บ.ไทยเจริญ - โบราณสถานปราสาทหินถนนหัก,3.960,  -   ,  -   ,  -   ,  -   ,  -   ,  -   ,  -   ,  -   ,  -   ,  0.800 ,  3.160 ," 14.740169,102.394333"," 14.751780,102.425389",คลิกที่นี้,
170,อบจ.นม.22302,หนองบุญมาก,บ.ซับตะคร้อ - บ.หัวทำนบ,10.595,  -   ,  -   ,  0.125 ,  -   ,  -   ,  -   ,  1.600 ,  -   ,  -   ,  -   ,  8.870 ," 14.713091,102.452895"," 14.619931,102.438653",คลิกที่นี้,
171,อบจ.นม.22303,หนองบุญมาก,บ.ซับตะคร้อ - บ.ท่าตะแบก,8.000,  -   ,  -   ,  -   ,  -   ,  -   ,  -   ,  -   ,  -   ,  -   ,  -   ,  8.000 ," 14.712139,102.456840"," 14.792347,102.442516",คลิกที่นี้,
172,อบจ.นม.22204,หนองบุญมาก,บ.ใหม่อุดม - บ.พระ,5.100,  -   ,  -   ,  -   ,  -   ,  -   ,  -   ,  -   ,  -   ,  -   ,  2.000 ,  3.100 ," 14.732864,102.394139"," 14.774073,102.387875",คลิกที่นี้,
173,อบจ.นม.22305,หนองบุญมาก,บ.ลุงเขว้า - บ.สันติสุข,13.136,  -   ,  -   ,  -   ,  -   ,  -   ,  -   ,  -   ,  -   ,  -   ,  -   ,  13.136 ," 14.812482,102.347004"," 14.793399,102.436502",คลิกที่นี้,
174,อบจ.นม.23101,แก้งสนามนาง,บ.ศูนย์กลาง - บ.โนนสำราญ,7.914,  -   ,  -   ,  0.485 ,  0.585 ,  -   ,  -   ,  0.620 ,  -   ,  -   ,  2.450 ,  3.774 ," 15.738026,102.273469"," 15.753482,102.328064",คลิกที่นี้,
175,อบจ.นม.23202,แก้งสนามนาง,บ.หนองขามนาดี - บ.พะไล,4.000,  -   ,  -   ,  0.200 ,  -   ,  -   ,  -   ,  -   ,  -   ,  -   ,  2.000 ,  1.800 ," 15.703876,102.307154"," 15.680718,102.284373",คลิกที่นี้,
176,อบจ.นม.23203,แก้งสนามนาง,บ.นาแค - บ.หนองขามดี,5.111,  -   ,  -   ,  0.250 ,  -   ,  -   ,  -   ,  1.155 ,  -   ,  -   ,  1.620 ,  2.086 ," 15.734142,102.354005"," 15.709267,102.313332",คลิกที่นี้,
177,อบจ.นม.24301,โนนแดง,บ.สำโรงเหนือ - บ.สำพะเนียง,9.603,  -   ,  -   ,  -   ,  -   ,  -   ,  -   ,  -   ,  -   ,  0.315 ,  -   ,  9.288 ," 15.524466,102.542735"," 15.453321,102.587009",คลิกที่นี้,
178,อบจ.นม.25301,วังน้ำเขียว,บ.บุตะโก - บ.หนองไม้สัก,7.700,  -   ,  -   ,  -   ,  -   ,  -   ,  -   ,  -   ,  -   ,  -   ,  -   ,  7.700 ," 14.422224,101.862361"," 14.466709,101.792566",คลิกที่นี้,
179,อบจ.นม.25302,วังน้ำเขียว,บ.บะใหญ่ - บ.โคกสะแกราช,10.829,  -   ,  -   ,  0.487 ,  -   ,  -   ,  -   ,  -   ,  -   ,  -   ,  -   ,  10.342 ," 14.558250,101.977018"," 14.561556,102.004019",คลิกที่นี้,
180,อบจ.นม.25303,วังน้ำเขียว,แยก ทล.304 - บ.ซับก้านเหลือง,3.500,  -   ,  -   ,  -   ,  -   ,  -   ,  -   ,  -   ,  -   ,  -   ,  -   ,  3.500 ," 14.558354,101.975867"," 14.561299,102.000602",คลิกที่นี้,
181,อบจ.นม.25304,วังน้ำเขียว,บ.วังน้ำเขียว - บ.ตลิ่งชัน,0.650,  -   ,  -   ,  -   ,  -   ,  -   ,  -   ,  -   ,  -   ,  -   ,  -   ,  0.650 ,"14.513176,101.958055","14.509688,101.962842",คลิกที่นี้,
182,อบจ.นม.26201,เทพารักษ์,ด่านขุนทด - หนองแวง,24.475,  -   ,  -   ,  0.520 ,  -   ,  -   ,  -   ,  -   ,  -   ,  0.535 ,  17.035 ,  6.385 ,"15.230373,101.537182","15.207493,101.766214",คลิกที่นี้,
183,อบจ.นม.26203,เทพารักษ์,บ.ชุมชนพัฒนา - บ.หนองแวง,6.948,  -   ,  -   ,  -   ,  -   ,  -   ,  -   ,  5.140 ,  -   ,  -   ,  -   ,  1.808 ,"15.285435,101.569252","15.2311016,101.537016",คลิกที่นี้,
184,อบจ.นม.27201,เมืองยาง,บ.โนนละกอ - บ.ปลักแรต ,6.454,  -   ,  -   ,  0.524 ,  -   ,  -   ,  -   ,  -   ,  -   ,  0.175 ,  -   ,  5.755 ,"15.470264,102.940106","15.500290,102.896601",คลิกที่นี้,
185,อบจ.นม.27302,เมืองยาง,บ.เมืองยาง - บ.กระเบื้องนอก,9.196,  -   ,  -   ,  0.620 ,  -   ,  -   ,  -   ,  0.841 ,  -   ,  0.175 ,  -   ,  7.560 ,"15.420070,102.890190","15.448475,102.966452",คลิกที่นี้,
186,อบจ.นม.27303,เมืองยาง,บ.หนองสะแก - บ.เมืองยาง,7.375,  -   ,  -   ,  0.520 ,  -   ,  -   ,  -   ,  -   ,  3.345 ,  0.165 ,  -   ,  3.345 ,"15.419685,102.888016","15.356544,102.880652",คลิกที่นี้,
187,อบจ.นม.27304,เมืองยาง,บ.โนนละกอ - บ.เขว้า ,3.000,  -   ,  -   ,  -   ,  -   ,  -   ,  -   ,  -   ,  -   ,  -   ,  -   ,  3.000 ,"15.470264,102.940106","15.456787,102.962586",คลิกที่นี้,
188,อบจ.นม.12205,บัวลาย,บ.หนองบัวลาย - บ.หนองแดงน้อย,9.442,  -   ,  -   ,  -   ,  0.195 ,  -   ,  -   ,  0.565 ,  -   ,  0.160 ,  -   ,  8.522 ,"15.657569,102.498082","15.639394,102.562188",คลิกที่นี้,
189,อบจ.นม.30301,พระทองคำ,บ.กุดไผ่ - บ.หนองเขว้า,0.410,  -   ,  -   ,  -   ,  -   ,  -   ,  -   ,  -   ,  -   ,  -   ,  0.290 ,  0.120 ,"15.366141,101.969744","15.370240,101.958623",คลิกที่นี้,
190,อบจ.นม.30302,พระทองคำ,แยกทางหลวงหมายเลข 205 - บ.กุดไผ่,3.000,  -   ,  -   ,  -   ,  -   ,  -   ,  -   ,  -   ,  -   ,  -   ,  3.000 ,  -   ,"15.360159,101.972028","15.350690,101.988464",คลิกที่นี้,
191,อบจ.นม.32301,เฉลิมพระเกียรติ,บ.โนนเลียบ - บ.หนองยาง,7.369,  -   ,  -   ,  -   ,  -   ,  -   ,  -   ,  -   ,  -   ,  -   ,  -   ,  7.369 ,"14.992467,102.268206","14.935790,102.253634",คลิกที่นี้,
192,อบจ.นม.32202,เฉลิมพระเกียรติ,บ.โนนหมัน - บ.มะดัน,11.050,  -   ,  -   ,  -   ,  -   ,  -   ,  -   ,  2.370 ,  -   ,  -   ,  -   ,  8.680 ,"15.074033,102.216883","15.015594,102.262555",คลิกที่นี้,
193,อบจ.นม.32203,เฉลิมพระเกียรติ,บ.ด่านกะตา - บ.โสง,2.700,  -   ,  -   ,  -   ,  -   ,  -   ,  -   ,  -   ,  -   ,  -   ,  -   ,  2.700 ,"14.968192,102.236288","14.956439,102.261111",คลิกที่นี้,
194,อบจ.นม.32204,เฉลิมพระเกียรติ,บ.หนองโจด - บ.โนนมันเทศ,6.085,  -   ,  -   ,  -   ,  -   ,  -   ,  -   ,  -   ,  -   ,  -   ,  -   ,  6.085 ,"15.075739,102.292867","15.041520,102.286561",คลิกที่นี้,
,,,รวมระยะทาง,"1,221.424",  18.406 ,  -   ,  37.964 ,  4.785 ,  -   ,  2.215 ,  75.530 ,  12.161 ,  12.605 ,  135.543 ,925.922,,,,